getRealPhoto;CannyRealPhoto;skylineRealPhotoCol-by-Col;skylineRealPhotoRow-by-Row;rendering;getRender;cannyRender;skylineRenderCol-by-Col;skylineRenderRow-by-Row;filteringPeaks;MatchingPhotos
985603;4094980;81518441;3556745;317740;15527287;3147285;97515683;3578007;2229127;47389669
965961;3544970;44543978;3331560;248825;12179140;2936924;108072957;3537739;2253275;45763528
870719;3059753;52718757;3240405;225209;9407537;2805745;118262299;3580445;2233263;46021378
1013001;4161481;62718757;3488330;290477;10714199;3370478;113231153;3594749;2771037;46622926
988785;4321211;86701771;3509179;292585;15815119;3640040;69777200;3591322;2866501;47448144
973596;3908113;71483315;2638531,818;270119;11161593;3291102;79159858;2638532;2810209;44196516
956478;3400114;81793110;2603104,545;217209;9336894;2955683;111666196;2603105;2969326;45085886
1005123;3501256;65234545;3046540;234561;12753290;3076858;108542139;3015645;2678910;47108490
940273;3825123;68045612;3254891;275178;12007586;3255909;98756242;3412615;2456489;45489489
950123;3999522;69584126;3300115;288717;11387530;3161055;91754120;3518045;2650075;45647954
964966,2;3781652,3;68434241,2;3196940,136;266062;12029017,5;3164107,9;99673785;3307020;2591821,2;46077398
